{"version":19,"data":{"renderViewState":{"type":"PanAndZoom","leftEdgeTimeSec":2.2775418675144046,"timeScaleSeconds":33.037860291612105},"captureStartTime":{"unixTimeMilliseconds":1753430655474,"fractionalMilliseconds":0.8207},"timingMarkers":{"markers":{},"pairs":{}},"measurements":[],"highLevelAnalyzers":[],"analyzers":[],"rowsSettings":[{"id":"7298c2aa-7f6b-4d73-9071-7d82db8a6835","height":78,"isMarkedHidden":false,"type":"channel","name":"Channel 0","channel":{"category":"legacy","type":"Digital","deviceChannel":0}},{"id":"896cca32-8f9f-42a6-84a3-87eea4ac825c","height":78,"isMarkedHidden":false,"type":"channel","name":"Channel 1","channel":{"category":"legacy","type":"Digital","deviceChannel":1}},{"id":"e7da3787-df3a-4e2f-80fb-9dae8c268510","height":78,"isMarkedHidden":false,"type":"channel","name":"Channel 2","channel":{"category":"legacy","type":"Digital","deviceChannel":2}},{"id":"90ece935-3fac-4133-9420-2919c700f4c3","height":78,"isMarkedHidden":false,"type":"channel","name":"Channel 3","channel":{"category":"legacy","type":"Digital","deviceChannel":3}},{"id":"bbf91964-116d-41ab-b4b8-f77f7f84e0ad","height":78,"isMarkedHidden":false,"type":"channel","name":"Channel 4","channel":{"category":"legacy","type":"Digital","deviceChannel":4}},{"id":"6e5f3567-e3f2-451d-bde6-7d6fa3a337ce","height":78,"isMarkedHidden":false,"type":"channel","name":"Channel 5","channel":{"category":"legacy","type":"Digital","deviceChannel":5}},{"id":"4204cf40-11b8-416d-892a-70d0b308b452","height":78,"isMarkedHidden":false,"type":"channel","name":"Channel 6","channel":{"category":"legacy","type":"Digital","deviceChannel":6}},{"id":"232305c9-0b94-4f9e-bf2a-9090c9f2c883","height":78,"isMarkedHidden":false,"type":"channel","name":"Channel 7","channel":{"category":"legacy","type":"Digital","deviceChannel":7}}],"captureSettings":{"bufferSizeMb":3072,"timerModeSettings":{"stopAfterSeconds":1},"commonCaptureSettings":{"trimAfterCapture":false,"trimTimeSeconds":0.001},"digitalTriggerSettings":{"eventChannel":{"category":"legacy","type":"Digital","deviceChannel":0},"eventType":"Rising","linkedChannels":[],"postTriggerBufferSeconds":1,"pulseDuration":{"min":0.001,"max":0.01}},"scopeTriggerSettings":{"eventType":"Rising","threshold":1,"hysteresisPercentage":0.02,"mode":"Auto","holdOffSeconds":0.001,"pulseDuration":{"min":0.001,"max":0.01},"realTriggerTimeoutViewRatio":4,"minRealTriggerTimeoutSeconds":1,"autoTriggerTimeoutViewRatio":2},"captureMode":"FreeRun","captureTriggerType":"Digital"},"legacyDevice":{"deviceId":"11837860448715832408","name":"Logic","deviceType":"Logic","isSimulation":false,"capabilities":{"channelCapabilities":[{"type":"Digital","index":0,"capability":"AlwaysEnabled"},{"type":"Digital","index":1,"capability":"AlwaysEnabled"},{"type":"Digital","index":2,"capability":"AlwaysEnabled"},{"type":"Digital","index":3,"capability":"AlwaysEnabled"},{"type":"Digital","index":4,"capability":"AlwaysEnabled"},{"type":"Digital","index":5,"capability":"AlwaysEnabled"},{"type":"Digital","index":6,"capability":"AlwaysEnabled"},{"type":"Digital","index":7,"capability":"AlwaysEnabled"}],"sampleRateOptions":[{"digital":24000000},{"digital":16000000},{"digital":12000000},{"digital":8000000},{"digital":4000000},{"digital":2000000},{"digital":1000000},{"digital":500000},{"digital":250000},{"digital":200000},{"digital":100000},{"digital":50000},{"digital":25000}],"isPhysicalDevice":true}},"legacySettings":{"enabledChannels":[{"type":"Digital","index":0},{"type":"Digital","index":1},{"type":"Digital","index":2},{"type":"Digital","index":3},{"type":"Digital","index":4},{"type":"Digital","index":5},{"type":"Digital","index":6},{"type":"Digital","index":7}],"sampleRate":{"digital":2000000},"glitchFilter":{"enabled":false,"channels":[]}},"digitalTriggerTime":-1,"name":"Session 32","dataTable":{"columns":{"analyzerIdentifier":{"isActive":true,"width":18,"isDefault":true,"baseKey":"analyzerIdentifier","excludeFromSearch":true},"frameType":{"isActive":true,"width":75,"isDefault":true,"baseKey":"frameType","excludeFromSearch":false},"start":{"isActive":true,"width":110,"isDefault":true,"baseKey":"start","excludeFromSearch":true},"duration":{"isActive":true,"width":80,"isDefault":true,"baseKey":"duration","excludeFromSearch":true}}},"analyzerTrigger":{"settings":{"searchQuery":"","holdoffSeconds":0.2}},"timeManager":{"t0":{"type":"startOfCapture"}},"captureNotes":""},"binData":[{"category":"legacy","type":"Digital","deviceChannel":0,"file":"./digital-0.bin"},{"category":"legacy","type":"Digital","deviceChannel":1,"file":"./digital-1.bin"},{"category":"legacy","type":"Digital","deviceChannel":2,"file":"./digital-2.bin"},{"category":"legacy","type":"Digital","deviceChannel":3,"file":"./digital-3.bin"},{"category":"legacy","type":"Digital","deviceChannel":4,"file":"./digital-4.bin"},{"category":"legacy","type":"Digital","deviceChannel":5,"file":"./digital-5.bin"},{"category":"legacy","type":"Digital","deviceChannel":6,"file":"./digital-6.bin"},{"category":"legacy","type":"Digital","deviceChannel":7,"file":"./digital-7.bin"}]}